[
  {
    "jid": "33221850588@s.whatsapp.net",
    "commandCounts": [
      {
        "name": "menu",
        "count": 15
      },
      {
        "name": "script",
        "count": 1
      },
      {
        "name": "set",
        "count": 2
      },
      {
        "name": "linkgc",
        "count": 2
      },
      {
        "name": "open",
        "count": 3
      },
      {
        "name": "listban",
        "count": 10
      },
      {
        "name": "unban",
        "count": 14
      },
      {
        "name": "igstalk",
        "count": 7
      },
      {
        "name": "ttstalk",
        "count": 2
      },
      {
        "name": ">",
        "count": 12
      },
      {
        "name": "addcase",
        "count": 14
      },
      {
        "name": "h",
        "count": 7
      },
      {
        "name": "ai",
        "count": 14
      },
      {
        "name": "savefile",
        "count": 4
      },
      {
        "name": "restart",
        "count": 1
      },
      {
        "name": "tes",
        "count": 13
      },
      {
        "name": "oi",
        "count": 1
      },
      {
        "name": "tt",
        "count": 2
      },
      {
        "name": "tourl",
        "count": 12
      },
      {
        "name": "infogc",
        "count": 1
      },
      {
        "name": "autodl",
        "count": 1
      },
      {
        "name": "hd",
        "count": 15
      },
      {
        "name": "allmenu",
        "count": 2
      },
      {
        "name": "ight",
        "count": 3
      },
      {
        "name": "getcase",
        "count": 16
      },
      {
        "name": "get",
        "count": 16
      },
      {
        "name": "me",
        "count": 15
      },
      {
        "name": "onlyregister",
        "count": 2
      },
      {
        "name": "daftar",
        "count": 1
      },
      {
        "name": "owner",
        "count": 2
      },
      {
        "name": "stalkmenu",
        "count": 1
      },
      {
        "name": "ffstalk",
        "count": 2
      },
      {
        "name": "anonymousmenu",
        "count": 1
      },
      {
        "name": "anonymouschat",
        "count": 1
      },
      {
        "name": "start",
        "count": 1
      },
      {
        "name": "keluar",
        "count": 1
      },
      {
        "name": "setname",
        "count": 1
      },
      {
        "name": "getsc",
        "count": 6
      },
      {
        "name": "delcase",
        "count": 7
      },
      {
        "name": "yatim",
        "count": 1
      },
      {
        "name": "s",
        "count": 12
      },
      {
        "name": "wm",
        "count": 13
      },
      {
        "name": "swm",
        "count": 1
      },
      {
        "name": "ocr",
        "count": 8
      },
      {
        "name": "upsw",
        "count": 5
      },
      {
        "name": "jpm",
        "count": 1
      },
      {
        "name": "jpmch",
        "count": 2
      },
      {
        "name": "twitter",
        "count": 6
      },
      {
        "name": "ttaudio",
        "count": 3
      },
      {
        "name": "x",
        "count": 7
      },
      {
        "name": "toimg",
        "count": 1
      },
      {
        "name": "tagsw",
        "count": 10
      },
      {
        "name": "pluginmenu",
        "count": 3
      },
      {
        "name": "diffusion",
        "count": 1
      },
      {
        "name": "aimenu",
        "count": 1
      },
      {
        "name": "ephotomenu",
        "count": 1
      },
      {
        "name": "pixelglitch",
        "count": 1
      },
      {
        "name": "glitchtext",
        "count": 1
      },
      {
        "name": "iguser",
        "count": 2
      },
      {
        "name": "ytstalk",
        "count": 1
      },
      {
        "name": "lirik",
        "count": 4
      },
      {
        "name": "play",
        "count": 7
      },
      {
        "name": "ytmp3",
        "count": 7
      },
      {
        "name": "wink",
        "count": 1
      },
      {
        "name": "kick",
        "count": 2
      },
      {
        "name": "rdl",
        "count": 3
      },
      {
        "name": "rednote",
        "count": 1
      },
      {
        "name": "backupbot",
        "count": 2
      },
      {
        "name": "q",
        "count": 4
      },
      {
        "name": "mute",
        "count": 1
      },
      {
        "name": "grupmenu",
        "count": 1
      },
      {
        "name": "ownermenu",
        "count": 1
      },
      {
        "name": "banned",
        "count": 1
      },
      {
        "name": "close",
        "count": 2
      },
      {
        "name": "gdrive",
        "count": 6
      },
      {
        "name": "ping",
        "count": 1
      },
      {
        "name": "mfdl",
        "count": 4
      },
      {
        "name": "tiktoks",
        "count": 3
      },
      {
        "name": "listgc",
        "count": 2
      },
      {
        "name": "removebg",
        "count": 9
      },
      {
        "name": "mediafire",
        "count": 1
      },
      {
        "name": "pin",
        "count": 1
      },
      {
        "name": "ban",
        "count": 1
      },
      {
        "name": "addimg",
        "count": 2
      },
      {
        "name": "brat",
        "count": 4
      },
      {
        "name": "device",
        "count": 2
      },
      {
        "name": "hpdetail",
        "count": 1
      },
      {
        "name": "add",
        "count": 1
      },
      {
        "name": "suit",
        "count": 2
      },
      {
        "name": "addowner",
        "count": 1
      }
    ]
  },
  {
    "jid": "6281324829989@s.whatsapp.net",
    "commandCounts": [
      {
        "name": "susunkata",
        "count": 3
      },
      {
        "name": "me",
        "count": 2
      },
      {
        "name": "kuis",
        "count": 8
      },
      {
        "name": "kick",
        "count": 1
      },
      {
        "name": "suit",
        "count": 8
      },
      {
        "name": "cekkodam",
        "count": 5
      },
      {
        "name": "daftar",
        "count": 1
      },
      {
        "name": "tolol",
        "count": 1
      },
      {
        "name": "apakah",
        "count": 2
      },
      {
        "name": "tebakkata",
        "count": 1
      },
      {
        "name": "puki",
        "count": 1
      },
      {
        "name": "pin",
        "count": 1
      },
      {
        "name": "hd",
        "count": 1
      },
      {
        "name": "tiktok",
        "count": 1
      }
    ]
  },
  {
    "jid": "6281266307252@s.whatsapp.net",
    "commandCounts": [
      {
        "name": "allmenu",
        "count": 1
      },
      {
        "name": "susunkata",
        "count": 12
      },
      {
        "name": "bantuan",
        "count": 8
      },
      {
        "name": "tebakkata",
        "count": 20
      },
      {
        "name": "limit",
        "count": 4
      },
      {
        "name": "tt",
        "count": 5
      },
      {
        "name": "daftar",
        "count": 2
      },
      {
        "name": "tebaksiapa",
        "count": 1
      },
      {
        "name": "mingguan",
        "count": 1
      },
      {
        "name": "bulanan",
        "count": 1
      },
      {
        "name": "tebakjkt48",
        "count": 1
      },
      {
        "name": "nyerah",
        "count": 1
      }
    ]
  },
  {
    "jid": "6287734815295@s.whatsapp.net",
    "commandCounts": [
      {
        "name": "tt",
        "count": 4
      },
      {
        "name": "ytmp3",
        "count": 5
      },
      {
        "name": "daftar",
        "count": 2
      },
      {
        "name": "ytmp4",
        "count": 4
      }
    ]
  },
  {
    "jid": "6281311512335@s.whatsapp.net",
    "commandCounts": [
      {
        "name": "tt",
        "count": 15
      },
      {
        "name": "h",
        "count": 6
      },
      {
        "name": "afk",
        "count": 6
      },
      {
        "name": "ig",
        "count": 15
      },
      {
        "name": "play",
        "count": 3
      },
      {
        "name": "ytmp3",
        "count": 2
      },
      {
        "name": "ocr",
        "count": 1
      },
      {
        "name": "menu",
        "count": 2
      },
      {
        "name": "d",
        "count": 12
      },
      {
        "name": "kick",
        "count": 4
      },
      {
        "name": "daftar",
        "count": 2
      },
      {
        "name": "add",
        "count": 1
      },
      {
        "name": "s",
        "count": 2
      },
      {
        "name": "test",
        "count": 3
      },
      {
        "name": "device",
        "count": 3
      },
      {
        "name": "suit",
        "count": 2
      },
      {
        "name": "hdr",
        "count": 3
      },
      {
        "name": "qc",
        "count": 1
      },
      {
        "name": "remini",
        "count": 1
      },
      {
        "name": "hd",
        "count": 1
      }
    ]
  },
  {
    "jid": "6289510197663@s.whatsapp.net",
    "commandCounts": [
      {
        "name": "ig",
        "count": 1
      },
      {
        "name": "tt",
        "count": 4
      },
      {
        "name": "daftar",
        "count": 2
      },
      {
        "name": "play",
        "count": 1
      },
      {
        "name": "del",
        "count": 1
      },
      {
        "name": "qc",
        "count": 9
      },
      {
        "name": "h",
        "count": 1
      },
      {
        "name": "suit",
        "count": 2
      },
      {
        "name": "s",
        "count": 1
      }
    ]
  },
  {
    "jid": "6283140394510@s.whatsapp.net",
    "commandCounts": [
      {
        "name": "puki",
        "count": 1
      },
      {
        "name": "s",
        "count": 9
      },
      {
        "name": "daftar",
        "count": 1
      },
      {
        "name": "del",
        "count": 1
      },
      {
        "name": "pin",
        "count": 3
      },
      {
        "name": "ai",
        "count": 1
      },
      {
        "name": "lesby",
        "count": 2
      },
      {
        "name": "ig",
        "count": 1
      },
      {
        "name": "tt",
        "count": 1
      }
    ]
  },
  {
    "jid": "6283173314040@s.whatsapp.net",
    "commandCounts": [
      {
        "name": "ig",
        "count": 28
      },
      {
        "name": "tt",
        "count": 3
      },
      {
        "name": "play",
        "count": 11
      },
      {
        "name": "ytmp3",
        "count": 11
      },
      {
        "name": "daftar",
        "count": 5
      },
      {
        "name": "del",
        "count": 19
      },
      {
        "name": "menu",
        "count": 3
      },
      {
        "name": "allmenu",
        "count": 1
      },
      {
        "name": "cacat",
        "count": 1
      },
      {
        "name": "unban",
        "count": 1
      },
      {
        "name": "delete",
        "count": 1
      },
      {
        "name": "hd",
        "count": 2
      },
      {
        "name": "hdr",
        "count": 3
      },
      {
        "name": "yt",
        "count": 1
      },
      {
        "name": "ytmp4",
        "count": 3
      },
      {
        "name": "brat",
        "count": 7
      },
      {
        "name": "device",
        "count": 2
      },
      {
        "name": "s",
        "count": 2
      }
    ]
  },
  {
    "jid": "212633732245@s.whatsapp.net",
    "commandCounts": [
      {
        "name": "play",
        "count": 31
      },
      {
        "name": "daftar",
        "count": 2
      },
      {
        "name": "ytmp3",
        "count": 42
      },
      {
        "name": "ig",
        "count": 1
      },
      {
        "name": "yts",
        "count": 13
      },
      {
        "name": "ytmp4",
        "count": 11
      }
    ]
  },
  {
    "jid": "6283840821665@s.whatsapp.net",
    "commandCounts": [
      {
        "name": "daftar",
        "count": 1
      },
      {
        "name": "inv",
        "count": 1
      },
      {
        "name": "joinrpg",
        "count": 1
      },
      {
        "name": "allmenu",
        "count": 4
      },
      {
        "name": "lesbicek",
        "count": 3
      },
      {
        "name": "mingguan",
        "count": 1
      },
      {
        "name": "bulanan",
        "count": 1
      },
      {
        "name": "kerja",
        "count": 4
      },
      {
        "name": "hdr",
        "count": 3
      },
      {
        "name": "limit",
        "count": 2
      },
      {
        "name": "play",
        "count": 1
      },
      {
        "name": "ytmp3",
        "count": 1
      },
      {
        "name": "ffstalk",
        "count": 1
      },
      {
        "name": "hd",
        "count": 1
      },
      {
        "name": "susunkata",
        "count": 6
      },
      {
        "name": "tt",
        "count": 1
      },
      {
        "name": "igstory",
        "count": 1
      },
      {
        "name": "ig",
        "count": 1
      },
      {
        "name": "brat",
        "count": 1
      }
    ]
  },
  {
    "jid": "6282143451683@s.whatsapp.net",
    "commandCounts": [
      {
        "name": "menu",
        "count": 5
      },
      {
        "name": "owner",
        "count": 1
      },
      {
        "name": "play",
        "count": 3
      },
      {
        "name": "ytmp3",
        "count": 4
      },
      {
        "name": "ai",
        "count": 1
      },
      {
        "name": "aimenu",
        "count": 1
      }
    ]
  },
  {
    "jid": "6282297027501@s.whatsapp.net",
    "commandCounts": [
      {
        "name": "kuis",
        "count": 3
      },
      {
        "name": "daftar",
        "count": 2
      },
      {
        "name": "suit",
        "count": 3
      },
      {
        "name": "setan",
        "count": 1
      },
      {
        "name": "puki",
        "count": 1
      },
      {
        "name": "pin",
        "count": 1
      }
    ]
  },
  {
    "jid": "6285711554643@s.whatsapp.net",
    "commandCounts": [
      {
        "name": "daftar",
        "count": 1
      },
      {
        "name": "ytmp4",
        "count": 5
      },
      {
        "name": "tiktok",
        "count": 1
      }
    ]
  },
  {
    "jid": "6283139422885@s.whatsapp.net",
    "commandCounts": [
      {
        "name": "menu",
        "count": 2
      },
      {
        "name": "daftar",
        "count": 2
      },
      {
        "name": "play",
        "count": 10
      },
      {
        "name": "ytmp3",
        "count": 10
      },
      {
        "name": "lirik",
        "count": 2
      },
      {
        "name": "s",
        "count": 7
      },
      {
        "name": "cekkodam",
        "count": 4
      },
      {
        "name": "apakah",
        "count": 2
      },
      {
        "name": "tebakkata",
        "count": 1
      },
      {
        "name": "ping",
        "count": 1
      },
      {
        "name": "ppcp",
        "count": 2
      },
      {
        "name": "me",
        "count": 1
      },
      {
        "name": "mingguan",
        "count": 1
      },
      {
        "name": "asahotak",
        "count": 1
      },
      {
        "name": "tt",
        "count": 23
      },
      {
        "name": "brat",
        "count": 1
      },
      {
        "name": "hd",
        "count": 2
      }
    ]
  },
  {
    "jid": "6288983467426@s.whatsapp.net",
    "commandCounts": [
      {
        "name": "lirik",
        "count": 3
      },
      {
        "name": "daftar",
        "count": 2
      },
      {
        "name": "menu",
        "count": 1
      },
      {
        "name": "allmenu",
        "count": 1
      },
      {
        "name": "babi",
        "count": 1
      },
      {
        "name": "yatim",
        "count": 1
      },
      {
        "name": "cekpacar",
        "count": 2
      },
      {
        "name": "tt",
        "count": 3
      }
    ]
  },
  {
    "jid": "6283839305037@s.whatsapp.net",
    "commandCounts": [
      {
        "name": "tebakgambar",
        "count": 17
      },
      {
        "name": "daftar",
        "count": 2
      },
      {
        "name": "bantuan",
        "count": 2
      },
      {
        "name": "ai",
        "count": 1
      }
    ]
  },
  {
    "jid": "6281244935256@s.whatsapp.net",
    "commandCounts": [
      {
        "name": "daftar",
        "count": 2
      },
      {
        "name": "limit",
        "count": 1
      },
      {
        "name": "mingguan",
        "count": 1
      },
      {
        "name": "brat",
        "count": 2
      },
      {
        "name": "ig",
        "count": 19
      },
      {
        "name": "tt",
        "count": 20
      },
      {
        "name": "del",
        "count": 4
      }
    ]
  },
  {
    "jid": "62895351084080@s.whatsapp.net",
    "commandCounts": [
      {
        "name": "tt",
        "count": 2
      },
      {
        "name": "h",
        "count": 1
      },
      {
        "name": "kick",
        "count": 2
      }
    ]
  },
  {
    "jid": "6283186231793@s.whatsapp.net",
    "commandCounts": [
      {
        "name": "tebaksiapa",
        "count": 5
      },
      {
        "name": "daftar",
        "count": 1
      },
      {
        "name": "bantuan",
        "count": 2
      },
      {
        "name": "nyerah",
        "count": 1
      },
      {
        "name": "tebakkata",
        "count": 1
      },
      {
        "name": "susunkata",
        "count": 4
      },
      {
        "name": "kuis",
        "count": 1
      }
    ]
  },
  {
    "jid": "6285379531978@s.whatsapp.net",
    "commandCounts": [
      {
        "name": "ocr",
        "count": 2
      }
    ]
  },
  {
    "jid": "6283191269236@s.whatsapp.net",
    "commandCounts": [
      {
        "name": "h",
        "count": 1
      }
    ]
  },
  {
    "jid": "6285156476017@s.whatsapp.net",
    "commandCounts": [
      {
        "name": "balancemenu",
        "count": 1
      }
    ]
  },
  {
    "jid": "62895630140094@s.whatsapp.net",
    "commandCounts": [
      {
        "name": "tr",
        "count": 5
      }
    ]
  },
  {
    "jid": "6289679535600@s.whatsapp.net",
    "commandCounts": [
      {
        "name": "tt",
        "count": 3
      },
      {
        "name": "daftar",
        "count": 2
      }
    ]
  },
  {
    "jid": "6288905872999@s.whatsapp.net",
    "commandCounts": [
      {
        "name": "menu",
        "count": 2
      }
    ]
  },
  {
    "jid": "6282337852277@s.whatsapp.net",
    "commandCounts": [
      {
        "name": "menu",
        "count": 2
      },
      {
        "name": "daftar",
        "count": 2
      },
      {
        "name": "brat",
        "count": 10
      },
      {
        "name": "del",
        "count": 7
      },
      {
        "name": "tt",
        "count": 4
      },
      {
        "name": "pin",
        "count": 1
      },
      {
        "name": "hd",
        "count": 1
      }
    ]
  },
  {
    "jid": "6287846453445@s.whatsapp.net",
    "commandCounts": [
      {
        "name": "menu",
        "count": 1
      },
      {
        "name": "daftar",
        "count": 2
      },
      {
        "name": "brat",
        "count": 1
      }
    ]
  },
  {
    "jid": "6288292166679@s.whatsapp.net",
    "commandCounts": [
      {
        "name": "menu",
        "count": 2
      },
      {
        "name": "aimenu",
        "count": 1
      },
      {
        "name": "bingimg",
        "count": 1
      },
      {
        "name": "ai",
        "count": 4
      },
      {
        "name": "getcase",
        "count": 3
      },
      {
        "name": "addcase",
        "count": 1
      },
      {
        "name": "daftar",
        "count": 1
      },
      {
        "name": ">",
        "count": 1
      },
      {
        "name": "setppgc",
        "count": 3
      },
      {
        "name": "setname",
        "count": 8
      },
      {
        "name": "linkgc",
        "count": 3
      },
      {
        "name": "h",
        "count": 4
      },
      {
        "name": "revoke",
        "count": 1
      },
      {
        "name": "add",
        "count": 2
      },
      {
        "name": "tourl",
        "count": 5
      },
      {
        "name": "listgc",
        "count": 1
      },
      {
        "name": "pluginmenu",
        "count": 3
      },
      {
        "name": "get",
        "count": 9
      },
      {
        "name": "savefile",
        "count": 4
      },
      {
        "name": "tes",
        "count": 3
      },
      {
        "name": "kick",
        "count": 2
      },
      {
        "name": "restart",
        "count": 3
      },
      {
        "name": "ssweb",
        "count": 1
      },
      {
        "name": "apkdog",
        "count": 7
      },
      {
        "name": "searchmenu",
        "count": 1
      },
      {
        "name": "cekhp",
        "count": 4
      },
      {
        "name": "hpdetail",
        "count": 2
      },
      {
        "name": "tiktoks",
        "count": 1
      },
      {
        "name": "ttaudio",
        "count": 1
      },
      {
        "name": "play",
        "count": 5
      },
      {
        "name": "ytmp3",
        "count": 3
      },
      {
        "name": "yts",
        "count": 1
      },
      {
        "name": "autodl",
        "count": 2
      },
      {
        "name": "tt",
        "count": 1
      },
      {
        "name": "brat",
        "count": 1
      },
      {
        "name": "wink",
        "count": 1
      },
      {
        "name": "ytmp4",
        "count": 2
      },
      {
        "name": "del",
        "count": 1
      },
      {
        "name": "ytv3",
        "count": 3
      },
      {
        "name": "leavegc",
        "count": 1
      },
      {
        "name": "tagsw",
        "count": 1
      },
      {
        "name": "mfdl",
        "count": 1
      },
      {
        "name": "getsc",
        "count": 2
      },
      {
        "name": "gdrive",
        "count": 1
      },
      {
        "name": "tr",
        "count": 1
      }
    ]
  },
  {
    "jid": "6285757386943@s.whatsapp.net",
    "commandCounts": [
      {
        "name": "brat",
        "count": 1
      }
    ]
  },
  {
    "jid": "6281346348845@s.whatsapp.net",
    "commandCounts": [
      {
        "name": "brat",
        "count": 3
      },
      {
        "name": "daftar",
        "count": 2
      },
      {
        "name": "qc",
        "count": 3
      }
    ]
  },
  {
    "jid": "62882021753173@s.whatsapp.net",
    "commandCounts": [
      {
        "name": "brat",
        "count": 3
      },
      {
        "name": "daftar",
        "count": 2
      },
      {
        "name": "delete",
        "count": 1
      },
      {
        "name": "tt",
        "count": 1
      }
    ]
  },
  {
    "jid": "6283173817654@s.whatsapp.net",
    "commandCounts": [
      {
        "name": "hd",
        "count": 5
      },
      {
        "name": "daftar",
        "count": 2
      },
      {
        "name": "kuis",
        "count": 2
      },
      {
        "name": "brat",
        "count": 1
      },
      {
        "name": "limit",
        "count": 1
      }
    ]
  },
  {
    "jid": "6282196707682@s.whatsapp.net",
    "commandCounts": [
      {
        "name": "family100",
        "count": 1
      }
    ]
  },
  {
    "jid": "6283894585073@s.whatsapp.net",
    "commandCounts": [
      {
        "name": "play",
        "count": 2
      },
      {
        "name": "daftar",
        "count": 3
      },
      {
        "name": "ytdoc",
        "count": 1
      },
      {
        "name": "ytmp3",
        "count": 1
      }
    ]
  },
  {
    "jid": "6287728644757@s.whatsapp.net",
    "commandCounts": [
      {
        "name": "tt",
        "count": 1
      }
    ]
  }
]