[
  {
    "name": "menu",
    "count": 35
  },
  {
    "name": "script",
    "count": 1
  },
  {
    "name": "set",
    "count": 2
  },
  {
    "name": "linkgc",
    "count": 5
  },
  {
    "name": "open",
    "count": 3
  },
  {
    "name": "susunkata",
    "count": 25
  },
  {
    "name": "me",
    "count": 18
  },
  {
    "name": "kuis",
    "count": 14
  },
  {
    "name": "listban",
    "count": 10
  },
  {
    "name": "unban",
    "count": 15
  },
  {
    "name": "igstalk",
    "count": 7
  },
  {
    "name": "ttstalk",
    "count": 2
  },
  {
    "name": ">",
    "count": 13
  },
  {
    "name": "addcase",
    "count": 15
  },
  {
    "name": "kick",
    "count": 11
  },
  {
    "name": "allmenu",
    "count": 9
  },
  {
    "name": "bantuan",
    "count": 12
  },
  {
    "name": "tebakkata",
    "count": 23
  },
  {
    "name": "limit",
    "count": 8
  },
  {
    "name": "tt",
    "count": 93
  },
  {
    "name": "h",
    "count": 20
  },
  {
    "name": "ig",
    "count": 66
  },
  {
    "name": "puki",
    "count": 3
  },
  {
    "name": "ai",
    "count": 21
  },
  {
    "name": "savefile",
    "count": 8
  },
  {
    "name": "restart",
    "count": 4
  },
  {
    "name": "tes",
    "count": 16
  },
  {
    "name": "oi",
    "count": 1
  },
  {
    "name": "tourl",
    "count": 17
  },
  {
    "name": "suit",
    "count": 17
  },
  {
    "name": "play",
    "count": 74
  },
  {
    "name": "ytmp3",
    "count": 86
  },
  {
    "name": "infogc",
    "count": 1
  },
  {
    "name": "autodl",
    "count": 3
  },
  {
    "name": "hd",
    "count": 28
  },
  {
    "name": "afk",
    "count": 6
  },
  {
    "name": "ight",
    "count": 3
  },
  {
    "name": "getcase",
    "count": 19
  },
  {
    "name": "get",
    "count": 25
  },
  {
    "name": "onlyregister",
    "count": 2
  },
  {
    "name": "daftar",
    "count": 47
  },
  {
    "name": "owner",
    "count": 3
  },
  {
    "name": "stalkmenu",
    "count": 1
  },
  {
    "name": "ffstalk",
    "count": 3
  },
  {
    "name": "anonymousmenu",
    "count": 1
  },
  {
    "name": "anonymouschat",
    "count": 1
  },
  {
    "name": "start",
    "count": 1
  },
  {
    "name": "keluar",
    "count": 1
  },
  {
    "name": "setname",
    "count": 9
  },
  {
    "name": "del",
    "count": 33
  },
  {
    "name": "inv",
    "count": 1
  },
  {
    "name": "joinrpg",
    "count": 1
  },
  {
    "name": "setan",
    "count": 1
  },
  {
    "name": "cacat",
    "count": 1
  },
  {
    "name": "getsc",
    "count": 8
  },
  {
    "name": "lirik",
    "count": 9
  },
  {
    "name": "babi",
    "count": 1
  },
  {
    "name": "yatim",
    "count": 2
  },
  {
    "name": "cekpacar",
    "count": 2
  },
  {
    "name": "delcase",
    "count": 7
  },
  {
    "name": "s",
    "count": 33
  },
  {
    "name": "wm",
    "count": 13
  },
  {
    "name": "swm",
    "count": 1
  },
  {
    "name": "cekkodam",
    "count": 9
  },
  {
    "name": "tolol",
    "count": 1
  },
  {
    "name": "ocr",
    "count": 11
  },
  {
    "name": "apakah",
    "count": 4
  },
  {
    "name": "tebakgambar",
    "count": 17
  },
  {
    "name": "mingguan",
    "count": 4
  },
  {
    "name": "ping",
    "count": 2
  },
  {
    "name": "lesbicek",
    "count": 3
  },
  {
    "name": "pin",
    "count": 7
  },
  {
    "name": "lesby",
    "count": 2
  },
  {
    "name": "upsw",
    "count": 5
  },
  {
    "name": "jpm",
    "count": 1
  },
  {
    "name": "jpmch",
    "count": 2
  },
  {
    "name": "twitter",
    "count": 6
  },
  {
    "name": "ttaudio",
    "count": 4
  },
  {
    "name": "ppcp",
    "count": 2
  },
  {
    "name": "x",
    "count": 7
  },
  {
    "name": "toimg",
    "count": 1
  },
  {
    "name": "tagsw",
    "count": 11
  },
  {
    "name": "pluginmenu",
    "count": 6
  },
  {
    "name": "diffusion",
    "count": 1
  },
  {
    "name": "aimenu",
    "count": 3
  },
  {
    "name": "ephotomenu",
    "count": 1
  },
  {
    "name": "pixelglitch",
    "count": 1
  },
  {
    "name": "glitchtext",
    "count": 1
  },
  {
    "name": "iguser",
    "count": 2
  },
  {
    "name": "ytstalk",
    "count": 1
  },
  {
    "name": "wink",
    "count": 2
  },
  {
    "name": "tebaksiapa",
    "count": 6
  },
  {
    "name": "asahotak",
    "count": 1
  },
  {
    "name": "bulanan",
    "count": 2
  },
  {
    "name": "kerja",
    "count": 4
  },
  {
    "name": "tebakjkt48",
    "count": 1
  },
  {
    "name": "nyerah",
    "count": 2
  },
  {
    "name": "rdl",
    "count": 3
  },
  {
    "name": "rednote",
    "count": 1
  },
  {
    "name": "backupbot",
    "count": 2
  },
  {
    "name": "delete",
    "count": 2
  },
  {
    "name": "d",
    "count": 12
  },
  {
    "name": "q",
    "count": 4
  },
  {
    "name": "mute",
    "count": 1
  },
  {
    "name": "grupmenu",
    "count": 1
  },
  {
    "name": "ownermenu",
    "count": 1
  },
  {
    "name": "banned",
    "count": 1
  },
  {
    "name": "close",
    "count": 2
  },
  {
    "name": "gdrive",
    "count": 7
  },
  {
    "name": "balancemenu",
    "count": 1
  },
  {
    "name": "hdr",
    "count": 9
  },
  {
    "name": "brat",
    "count": 35
  },
  {
    "name": "add",
    "count": 4
  },
  {
    "name": "mfdl",
    "count": 5
  },
  {
    "name": "yts",
    "count": 14
  },
  {
    "name": "tiktoks",
    "count": 4
  },
  {
    "name": "listgc",
    "count": 3
  },
  {
    "name": "removebg",
    "count": 9
  },
  {
    "name": "ytmp4",
    "count": 25
  },
  {
    "name": "tr",
    "count": 6
  },
  {
    "name": "mediafire",
    "count": 1
  },
  {
    "name": "ban",
    "count": 1
  },
  {
    "name": "addimg",
    "count": 2
  },
  {
    "name": "yt",
    "count": 1
  },
  {
    "name": "test",
    "count": 3
  },
  {
    "name": "tiktok",
    "count": 2
  },
  {
    "name": "device",
    "count": 7
  },
  {
    "name": "hpdetail",
    "count": 3
  },
  {
    "name": "addowner",
    "count": 1
  },
  {
    "name": "bingimg",
    "count": 1
  },
  {
    "name": "setppgc",
    "count": 3
  },
  {
    "name": "revoke",
    "count": 1
  },
  {
    "name": "igstory",
    "count": 1
  },
  {
    "name": "ssweb",
    "count": 1
  },
  {
    "name": "qc",
    "count": 13
  },
  {
    "name": "apkdog",
    "count": 7
  },
  {
    "name": "searchmenu",
    "count": 1
  },
  {
    "name": "cekhp",
    "count": 4
  },
  {
    "name": "family100",
    "count": 1
  },
  {
    "name": "ytdoc",
    "count": 1
  },
  {
    "name": "remini",
    "count": 1
  },
  {
    "name": "ytv3",
    "count": 3
  },
  {
    "name": "leavegc",
    "count": 1
  }
]